{
  "config_path": "/Users/conan/projects/personalized-fashion-recommendation/hm_refactored/configs/config.service_eval_difsr.json",
  "checkpoint_epoch": 0,
  "num_users": 2183,
  "Recall@20": 0.01694915254237288,
  "Recall@50": 0.02656894182317911,
  "Recall@100": 0.049473202015574896,
  "NDCG@20": 0.008610538315012285,
  "NDCG@50": 0.010477627234871372,
  "NDCG@100": 0.014183182721645449,
  "MRR@20": 0.006286803697204075
}
